LOCALIDAD,CASOS_SIN_GRIPA,NINOS_ENCUESTADOS,SEXO,ESTRATO,ASEGURAMIENTO
Antonio Nariño,0.0,3,Hombre,2,Contributivo (EPS)
Antonio Nariño,9.0,29,Hombre,3,Contributivo (EPS)
Antonio Nariño,1.0,3,Hombre,3,Régimen excepcional
Antonio Nariño,0.0,2,Hombre,2,Subsidiado (EPSS)
Antonio Nariño,0.0,11,Hombre,3,Subsidiado (EPSS)
Antonio Nariño,6.0,28,Mujer,3,Contributivo (EPS)
Antonio Nariño,0.0,1,Mujer,3,Ninguno
Antonio Nariño,2.0,2,Mujer,3,Régimen excepcional
Antonio Nariño,0.0,4,Mujer,2,Subsidiado (EPSS)
Antonio Nariño,5.0,14,Mujer,3,Subsidiado (EPSS)
Barrios Unidos,1.0,13,Hombre,3,Contributivo (EPS)
Barrios Unidos,0.0,1,Hombre,4,Contributivo (EPS)
Barrios Unidos,0.0,1,Hombre,2,Subsidiado (EPSS)
Barrios Unidos,1.0,6,Hombre,3,Subsidiado (EPSS)
Barrios Unidos,1.0,15,Mujer,3,Contributivo (EPS)
Barrios Unidos,0.0,1,Mujer,5,Contributivo (EPS)
Barrios Unidos,1.0,1,Mujer,3,Régimen excepcional
Barrios Unidos,3.0,10,Mujer,3,Subsidiado (EPSS)
Bosa,1.0,11,Hombre,1,Contributivo (EPS)
Bosa,5.0,59,Hombre,2,Contributivo (EPS)
Bosa,0.0,2,Hombre,2,Ninguno
Bosa,0.0,1,Hombre,1,Régimen excepcional
Bosa,0.0,3,Hombre,2,Régimen excepcional
Bosa,0.0,8,Hombre,1,Subsidiado (EPSS)
Bosa,4.0,34,Hombre,2,Subsidiado (EPSS)
Bosa,0.0,11,Mujer,1,Contributivo (EPS)
Bosa,4.0,62,Mujer,2,Contributivo (EPS)
Bosa,1.0,1,Mujer,2,Ninguno
Bosa,0.0,1,Mujer,2,Régimen excepcional
Bosa,0.0,11,Mujer,1,Subsidiado (EPSS)
Bosa,2.0,28,Mujer,2,Subsidiado (EPSS)
La Candelaria,1.0,4,Hombre,2,Contributivo (EPS)
La Candelaria,1.0,4,Hombre,3,Contributivo (EPS)
La Candelaria,0.0,3,Hombre,2,Subsidiado (EPSS)
La Candelaria,0.0,1,Hombre,3,Subsidiado (EPSS)
La Candelaria,1.0,8,Mujer,2,Contributivo (EPS)
La Candelaria,2.0,5,Mujer,3,Contributivo (EPS)
La Candelaria,0.0,4,Mujer,2,Subsidiado (EPSS)
La Candelaria,0.0,1,Mujer,3,Subsidiado (EPSS)
Chapinero,0.0,1,Hombre,1,Contributivo (EPS)
Chapinero,3.0,7,Hombre,2,Contributivo (EPS)
Chapinero,1.0,6,Hombre,4,Contributivo (EPS)
Chapinero,0.0,1,Hombre,1,Régimen excepcional
Chapinero,0.0,2,Hombre,1,Subsidiado (EPSS)
Chapinero,0.0,6,Hombre,2,Subsidiado (EPSS)
Chapinero,2.0,4,Mujer,1,Contributivo (EPS)
Chapinero,1.0,8,Mujer,2,Contributivo (EPS)
Chapinero,0.0,1,Mujer,3,Contributivo (EPS)
Chapinero,0.0,4,Mujer,4,Contributivo (EPS)
Chapinero,0.0,2,Mujer,5,Contributivo (EPS)
Chapinero,0.0,1,Mujer,4,Régimen excepcional
Chapinero,0.0,2,Mujer,6,Régimen excepcional
Chapinero,1.0,4,Mujer,1,Subsidiado (EPSS)
Chapinero,2.0,4,Mujer,2,Subsidiado (EPSS)
Ciudad Bolívar,14.0,79,Hombre,1,Contributivo (EPS)
Ciudad Bolívar,3.0,21,Hombre,2,Contributivo (EPS)
Ciudad Bolívar,1.0,3,Hombre,3,Contributivo (EPS)
Ciudad Bolívar,0.0,3,Hombre,1,Régimen excepcional
Ciudad Bolívar,0.0,1,Hombre,2,Régimen excepcional
Ciudad Bolívar,16.0,72,Hombre,1,Subsidiado (EPSS)
Ciudad Bolívar,2.0,10,Hombre,2,Subsidiado (EPSS)
Ciudad Bolívar,0.0,1,Hombre,3,Subsidiado (EPSS)
Ciudad Bolívar,12.0,65,Mujer,1,Contributivo (EPS)
Ciudad Bolívar,2.0,17,Mujer,2,Contributivo (EPS)
Ciudad Bolívar,0.0,1,Mujer,3,Contributivo (EPS)
Ciudad Bolívar,1.0,1,Mujer,1,Régimen excepcional
Ciudad Bolívar,10.0,55,Mujer,1,Subsidiado (EPSS)
Ciudad Bolívar,1.0,13,Mujer,2,Subsidiado (EPSS)
Ciudad Bolívar,0.0,1,Mujer,3,Subsidiado (EPSS)
Engativá,0.0,1,Hombre,1,Contributivo (EPS)
Engativá,3.0,15,Hombre,2,Contributivo (EPS)
Engativá,4.0,27,Hombre,3,Contributivo (EPS)
Engativá,0.0,1,Hombre,3,Ninguno
Engativá,0.0,2,Hombre,2,Régimen excepcional
Engativá,0.0,2,Hombre,3,Régimen excepcional
Engativá,0.0,1,Hombre,1,Subsidiado (EPSS)
Engativá,1.0,9,Hombre,2,Subsidiado (EPSS)
Engativá,3.0,7,Hombre,3,Subsidiado (EPSS)
Engativá,0.0,1,Mujer,1,Contributivo (EPS)
Engativá,1.0,11,Mujer,2,Contributivo (EPS)
Engativá,4.0,23,Mujer,3,Contributivo (EPS)
Engativá,0.0,1,Mujer,4,Contributivo (EPS)
Engativá,0.0,3,Mujer,1,Subsidiado (EPSS)
Engativá,2.0,6,Mujer,2,Subsidiado (EPSS)
Engativá,1.0,5,Mujer,3,Subsidiado (EPSS)
Fontibón,2.0,15,Hombre,2,Contributivo (EPS)
Fontibón,5.0,28,Hombre,3,Contributivo (EPS)
Fontibón,0.0,11,Hombre,4,Contributivo (EPS)
Fontibón,0.0,1,Hombre,5,Contributivo (EPS)
Fontibón,0.0,1,Hombre,2,Régimen excepcional
Fontibón,1.0,6,Hombre,2,Subsidiado (EPSS)
Fontibón,0.0,12,Hombre,3,Subsidiado (EPSS)
Fontibón,0.0,15,Mujer,2,Contributivo (EPS)
Fontibón,7.0,26,Mujer,3,Contributivo (EPS)
Fontibón,3.0,12,Mujer,4,Contributivo (EPS)
Fontibón,0.0,1,Mujer,3,Ninguno
Fontibón,1.0,7,Mujer,2,Subsidiado (EPSS)
Fontibón,2.0,8,Mujer,3,Subsidiado (EPSS)
Kennedy,1.0,4,Hombre,1,Contributivo (EPS)
Kennedy,5.0,43,Hombre,2,Contributivo (EPS)
Kennedy,7.0,19,Hombre,3,Contributivo (EPS)
Kennedy,0.0,1,Hombre,4,Contributivo (EPS)
Kennedy,0.0,1,Hombre,2,Ninguno
Kennedy,1.0,1,Hombre,3,Ninguno
Kennedy,0.0,2,Hombre,2,Régimen excepcional
Kennedy,5.0,26,Hombre,2,Subsidiado (EPSS)
Kennedy,2.0,7,Hombre,3,Subsidiado (EPSS)
Kennedy,3.0,48,Mujer,2,Contributivo (EPS)
Kennedy,6.0,19,Mujer,3,Contributivo (EPS)
Kennedy,0.0,1,Mujer,4,Contributivo (EPS)
Kennedy,0.0,2,Mujer,2,Régimen excepcional
Kennedy,0.0,2,Mujer,3,Régimen excepcional
Kennedy,0.0,2,Mujer,1,Subsidiado (EPSS)
Kennedy,2.0,25,Mujer,2,Subsidiado (EPSS)
Kennedy,2.0,5,Mujer,3,Subsidiado (EPSS)
Los Mártires,6.0,22,Hombre,3,Contributivo (EPS)
Los Mártires,2.0,2,Hombre,3,Régimen excepcional
Los Mártires,1.0,6,Hombre,2,Subsidiado (EPSS)
Los Mártires,6.0,20,Hombre,3,Subsidiado (EPSS)
Los Mártires,1.0,2,Mujer,2,Contributivo (EPS)
Los Mártires,5.0,15,Mujer,3,Contributivo (EPS)
Los Mártires,0.0,1,Mujer,3,Ninguno
Los Mártires,0.0,2,Mujer,3,Régimen excepcional
Los Mártires,0.0,1,Mujer,1,Subsidiado (EPSS)
Los Mártires,1.0,1,Mujer,2,Subsidiado (EPSS)
Los Mártires,3.0,16,Mujer,3,Subsidiado (EPSS)
Puente Aranda,5.0,34,Hombre,3,Contributivo (EPS)
Puente Aranda,1.0,2,Hombre,3,Régimen excepcional
Puente Aranda,4.0,8,Hombre,3,Subsidiado (EPSS)
Puente Aranda,0.0,2,Mujer,2,Contributivo (EPS)
Puente Aranda,4.0,28,Mujer,3,Contributivo (EPS)
Puente Aranda,0.0,3,Mujer,3,Régimen excepcional
Puente Aranda,2.0,9,Mujer,3,Subsidiado (EPSS)
Rafael Uribe Uribe,0.0,13,Hombre,1,Contributivo (EPS)
Rafael Uribe Uribe,1.0,12,Hombre,2,Contributivo (EPS)
Rafael Uribe Uribe,0.0,18,Hombre,3,Contributivo (EPS)
Rafael Uribe Uribe,1.0,1,Hombre,2,Ninguno
Rafael Uribe Uribe,2.0,2,Hombre,3,Régimen excepcional
Rafael Uribe Uribe,0.0,12,Hombre,1,Subsidiado (EPSS)
Rafael Uribe Uribe,3.0,14,Hombre,2,Subsidiado (EPSS)
Rafael Uribe Uribe,1.0,14,Hombre,3,Subsidiado (EPSS)
Rafael Uribe Uribe,1.0,13,Mujer,1,Contributivo (EPS)
Rafael Uribe Uribe,4.0,14,Mujer,2,Contributivo (EPS)
Rafael Uribe Uribe,4.0,19,Mujer,3,Contributivo (EPS)
Rafael Uribe Uribe,0.0,1,Mujer,3,Ninguno
Rafael Uribe Uribe,0.0,1,Mujer,2,Régimen excepcional
Rafael Uribe Uribe,0.0,1,Mujer,3,Régimen excepcional
Rafael Uribe Uribe,1.0,11,Mujer,1,Subsidiado (EPSS)
Rafael Uribe Uribe,0.0,9,Mujer,2,Subsidiado (EPSS)
Rafael Uribe Uribe,0.0,6,Mujer,3,Subsidiado (EPSS)
San Cristóbal,1.0,1,Hombre,1,Contributivo (EPS)
San Cristóbal,7.0,56,Hombre,2,Contributivo (EPS)
San Cristóbal,0.0,1,Hombre,3,Contributivo (EPS)
San Cristóbal,0.0,1,Hombre,2,Ninguno
San Cristóbal,0.0,1,Hombre,3,Ninguno
San Cristóbal,1.0,3,Hombre,2,Régimen excepcional
San Cristóbal,0.0,4,Hombre,1,Subsidiado (EPSS)
San Cristóbal,3.0,16,Hombre,2,Subsidiado (EPSS)
San Cristóbal,1.0,2,Hombre,3,Subsidiado (EPSS)
San Cristóbal,0.0,5,Mujer,1,Contributivo (EPS)
San Cristóbal,7.0,53,Mujer,2,Contributivo (EPS)
San Cristóbal,1.0,8,Mujer,3,Contributivo (EPS)
San Cristóbal,0.0,2,Mujer,3,Régimen excepcional
San Cristóbal,0.0,1,Mujer,1,Subsidiado (EPSS)
San Cristóbal,5.0,32,Mujer,2,Subsidiado (EPSS)
San Cristóbal,1.0,3,Mujer,3,Subsidiado (EPSS)
Santa Fe,0.0,2,Hombre,1,Contributivo (EPS)
Santa Fe,2.0,16,Hombre,2,Contributivo (EPS)
Santa Fe,0.0,4,Hombre,3,Contributivo (EPS)
Santa Fe,0.0,1,Hombre,2,Régimen excepcional
Santa Fe,0.0,1,Hombre,1,Subsidiado (EPSS)
Santa Fe,6.0,28,Hombre,2,Subsidiado (EPSS)
Santa Fe,0.0,4,Hombre,3,Subsidiado (EPSS)
Santa Fe,0.0,2,Mujer,1,Contributivo (EPS)
Santa Fe,4.0,19,Mujer,2,Contributivo (EPS)
Santa Fe,1.0,2,Mujer,3,Contributivo (EPS)
Santa Fe,0.0,1,Mujer,2,Ninguno
Santa Fe,0.0,2,Mujer,1,Subsidiado (EPSS)
Santa Fe,1.0,19,Mujer,2,Subsidiado (EPSS)
Santa Fe,1.0,5,Mujer,3,Subsidiado (EPSS)
Suba,8.0,57,Hombre,2,Contributivo (EPS)
Suba,3.0,20,Hombre,3,Contributivo (EPS)
Suba,0.0,5,Hombre,4,Contributivo (EPS)
Suba,2.0,2,Hombre,5,Contributivo (EPS)
Suba,1.0,2,Hombre,2,Régimen excepcional
Suba,0.0,1,Hombre,3,Régimen excepcional
Suba,1.0,41,Hombre,2,Subsidiado (EPSS)
Suba,1.0,7,Hombre,3,Subsidiado (EPSS)
Suba,7.0,54,Mujer,2,Contributivo (EPS)
Suba,3.0,22,Mujer,3,Contributivo (EPS)
Suba,0.0,3,Mujer,4,Contributivo (EPS)
Suba,0.0,2,Mujer,5,Contributivo (EPS)
Suba,0.0,2,Mujer,2,Régimen excepcional
Suba,0.0,2,Mujer,4,Régimen excepcional
Suba,3.0,31,Mujer,2,Subsidiado (EPSS)
Suba,0.0,7,Mujer,3,Subsidiado (EPSS)
Sumapaz,2.0,9,Hombre,1,Contributivo (EPS)
Sumapaz,0.0,3,Hombre,1,Subsidiado (EPSS)
Sumapaz,0.0,2,Mujer,1,Contributivo (EPS)
Teusaquillo,1.0,2,Hombre,4,Contributivo (EPS)
Teusaquillo,0.0,1,Hombre,5,Contributivo (EPS)
Teusaquillo,0.0,2,Mujer,3,Contributivo (EPS)
Teusaquillo,0.0,7,Mujer,4,Contributivo (EPS)
Teusaquillo,0.0,3,Mujer,4,Subsidiado (EPSS)
Tunjuelito,7.0,41,Hombre,2,Contributivo (EPS)
Tunjuelito,2.0,6,Hombre,3,Contributivo (EPS)
Tunjuelito,0.0,1,Hombre,2,Régimen excepcional
Tunjuelito,0.0,1,Hombre,1,Subsidiado (EPSS)
Tunjuelito,7.0,25,Hombre,2,Subsidiado (EPSS)
Tunjuelito,1.0,3,Hombre,3,Subsidiado (EPSS)
Tunjuelito,5.0,26,Mujer,2,Contributivo (EPS)
Tunjuelito,1.0,3,Mujer,3,Contributivo (EPS)
Tunjuelito,0.0,1,Mujer,3,Ninguno
Tunjuelito,0.0,2,Mujer,2,Régimen excepcional
Tunjuelito,6.0,25,Mujer,2,Subsidiado (EPSS)
Tunjuelito,1.0,5,Mujer,3,Subsidiado (EPSS)
Usaquén,1.0,8,Hombre,1,Contributivo (EPS)
Usaquén,0.0,12,Hombre,2,Contributivo (EPS)
Usaquén,1.0,8,Hombre,3,Contributivo (EPS)
Usaquén,1.0,8,Hombre,4,Contributivo (EPS)
Usaquén,1.0,1,Hombre,5,Contributivo (EPS)
Usaquén,1.0,1,Hombre,1,Régimen excepcional
Usaquén,0.0,2,Hombre,2,Régimen excepcional
Usaquén,2.0,4,Hombre,1,Subsidiado (EPSS)
Usaquén,0.0,10,Hombre,2,Subsidiado (EPSS)
Usaquén,1.0,4,Hombre,3,Subsidiado (EPSS)
Usaquén,0.0,1,Hombre,4,Subsidiado (EPSS)
Usaquén,1.0,4,Mujer,1,Contributivo (EPS)
Usaquén,0.0,14,Mujer,2,Contributivo (EPS)
Usaquén,2.0,10,Mujer,3,Contributivo (EPS)
Usaquén,0.0,8,Mujer,4,Contributivo (EPS)
Usaquén,1.0,2,Mujer,5,Contributivo (EPS)
Usaquén,0.0,1,Mujer,6,Contributivo (EPS)
Usaquén,0.0,1,Mujer,1,Ninguno
Usaquén,0.0,1,Mujer,2,Régimen excepcional
Usaquén,0.0,1,Mujer,5,Régimen excepcional
Usaquén,1.0,4,Mujer,1,Subsidiado (EPSS)
Usaquén,0.0,6,Mujer,2,Subsidiado (EPSS)
Usaquén,1.0,2,Mujer,3,Subsidiado (EPSS)
Usme,8.0,41,Hombre,1,Contributivo (EPS)
Usme,6.0,22,Hombre,2,Contributivo (EPS)
Usme,1.0,2,Hombre,2,Régimen excepcional
Usme,8.0,40,Hombre,1,Subsidiado (EPSS)
Usme,2.0,11,Hombre,2,Subsidiado (EPSS)
Usme,9.0,44,Mujer,1,Contributivo (EPS)
Usme,8.0,22,Mujer,2,Contributivo (EPS)
Usme,1.0,2,Mujer,1,Régimen excepcional
Usme,1.0,3,Mujer,2,Régimen excepcional
Usme,8.0,37,Mujer,1,Subsidiado (EPSS)
Usme,2.0,20,Mujer,2,Subsidiado (EPSS)
